frame_id,latency_ms,match_method,is_dropped,exact_matches,unmatched_frames
542,15.718221664428711,frame_id_exact,0,1,0
543,16.791820526123047,frame_id_exact,0,2,0
544,17.780542373657227,frame_id_exact,0,3,0
545,19.277334213256836,frame_id_exact,0,4,0
546,15.875816345214844,frame_id_exact,0,5,0
547,21.685123443603516,frame_id_exact,0,6,0
548,18.81694793701172,frame_id_exact,0,7,0
549,16.63827896118164,frame_id_exact,0,8,0
550,17.707347869873047,frame_id_exact,0,9,0
551,16.66116714477539,frame_id_exact,0,10,0
552,17.665863037109375,frame_id_exact,0,11,0
553,15.841960906982422,frame_id_exact,0,12,0
554,17.745018005371094,frame_id_exact,0,13,0
555,17.751693725585938,frame_id_exact,0,14,0
556,15.527009963989258,frame_id_exact,0,15,0
557,15.508890151977539,frame_id_exact,0,16,0
558,15.501260757446289,frame_id_exact,0,17,0
559,17.841339111328125,frame_id_exact,0,18,0
560,16.537189483642578,frame_id_exact,0,19,0
561,17.6239013671875,frame_id_exact,0,20,0
562,18.782377243041992,frame_id_exact,0,21,0
563,17.855405807495117,frame_id_exact,0,22,0
564,19.85335350036621,frame_id_exact,0,23,0
565,16.754150390625,frame_id_exact,0,24,0
566,18.900394439697266,frame_id_exact,0,25,0
567,17.839670181274414,frame_id_exact,0,26,0
568,15.970468521118164,frame_id_exact,0,27,0
569,17.96126365661621,frame_id_exact,0,28,0
570,17.82989501953125,frame_id_exact,0,29,0
571,18.836021423339844,frame_id_exact,0,30,0
572,16.76344871520996,frame_id_exact,0,31,0
573,17.656803131103516,frame_id_exact,0,32,0
574,19.991397857666016,frame_id_exact,0,33,0
575,17.919063568115234,frame_id_exact,0,34,0
576,16.585588455200195,frame_id_exact,0,35,0
577,15.918493270874023,frame_id_exact,0,36,0
578,16.956329345703125,frame_id_exact,0,37,0
579,17.098188400268555,frame_id_exact,0,38,0
580,15.974998474121094,frame_id_exact,0,39,0
581,16.651391983032227,frame_id_exact,0,40,0
582,17.156124114990234,frame_id_exact,0,41,0
583,17.61174201965332,frame_id_exact,0,42,0
584,15.612602233886719,frame_id_exact,0,43,0
585,16.646623611450195,frame_id_exact,0,44,0
586,15.568733215332031,frame_id_exact,0,45,0
587,19.09041404724121,frame_id_exact,0,46,0
588,16.6018009185791,frame_id_exact,0,47,0
589,16.68715476989746,frame_id_exact,0,48,0
590,16.92962646484375,frame_id_exact,0,49,0
591,15.893220901489258,frame_id_exact,0,50,0
592,16.09063148498535,frame_id_exact,0,51,0
593,17.71068572998047,frame_id_exact,0,52,0
594,16.66259765625,frame_id_exact,0,53,0
595,16.91746711730957,frame_id_exact,0,54,0
596,15.578269958496094,frame_id_exact,0,55,0
597,16.800880432128906,frame_id_exact,0,56,0
598,17.110347747802734,frame_id_exact,0,57,0
599,19.351959228515625,frame_id_exact,0,58,0
600,18.24188232421875,frame_id_exact,0,59,0
601,17.132282257080078,frame_id_exact,0,60,0
602,17.05145835876465,frame_id_exact,0,61,0
603,17.870664596557617,frame_id_exact,0,62,0
604,16.521215438842773,frame_id_exact,0,63,0
605,17.008304595947266,frame_id_exact,0,64,0
606,18.963098526000977,frame_id_exact,0,65,0
607,17.71855354309082,frame_id_exact,0,66,0
608,17.18902587890625,frame_id_exact,0,67,0
609,16.742229461669922,frame_id_exact,0,68,0
610,16.930341720581055,frame_id_exact,0,69,0
611,16.082286834716797,frame_id_exact,0,70,0
612,18.750905990600586,frame_id_exact,0,71,0
613,16.786575317382812,frame_id_exact,0,72,0
614,20.88761329650879,frame_id_exact,0,73,0
615,15.668630599975586,frame_id_exact,0,74,0
616,16.71910285949707,frame_id_exact,0,75,0
617,16.59107208251953,frame_id_exact,0,76,0
618,15.858650207519531,frame_id_exact,0,77,0
619,15.81573486328125,frame_id_exact,0,78,0
620,16.727447509765625,frame_id_exact,0,79,0
621,17.003774642944336,frame_id_exact,0,80,0
622,15.50745964050293,frame_id_exact,0,81,0
623,16.824960708618164,frame_id_exact,0,82,0
624,18.57280731201172,frame_id_exact,0,83,0
625,16.9374942779541,frame_id_exact,0,84,0
626,20.099878311157227,frame_id_exact,0,85,0
627,17.011165618896484,frame_id_exact,0,86,0
628,17.78125762939453,frame_id_exact,0,87,0
629,16.818523406982422,frame_id_exact,0,88,0
630,15.75016975402832,frame_id_exact,0,89,0
631,16.621828079223633,frame_id_exact,0,90,0
632,16.601085662841797,frame_id_exact,0,91,0
633,16.641616821289062,frame_id_exact,0,92,0
634,16.53432846069336,frame_id_exact,0,93,0
635,16.11614227294922,frame_id_exact,0,94,0
636,19.16790008544922,frame_id_exact,0,95,0
637,17.023086547851562,frame_id_exact,0,96,0
638,16.73722267150879,frame_id_exact,0,97,0
639,18.9974308013916,frame_id_exact,0,98,0
640,17.076730728149414,frame_id_exact,0,99,0
641,17.934799194335938,frame_id_exact,0,100,0
642,20.17521858215332,frame_id_exact,0,101,0
643,17.66800880432129,frame_id_exact,0,102,0
644,16.541242599487305,frame_id_exact,0,103,0
645,15.594959259033203,frame_id_exact,0,104,0
646,17.18878746032715,frame_id_exact,0,105,0
647,15.619516372680664,frame_id_exact,0,106,0
648,15.721559524536133,frame_id_exact,0,107,0
649,17.14348793029785,frame_id_exact,0,108,0
650,17.992496490478516,frame_id_exact,0,109,0
651,16.795873641967773,frame_id_exact,0,110,0
652,16.550302505493164,frame_id_exact,0,111,0
653,16.801118850708008,frame_id_exact,0,112,0
654,16.87335968017578,frame_id_exact,0,113,0
655,18.41592788696289,frame_id_exact,0,114,0
656,15.658855438232422,frame_id_exact,0,115,0
657,18.64314079284668,frame_id_exact,0,116,0
658,22.355079650878906,frame_id_exact,0,117,0
659,17.171621322631836,frame_id_exact,0,118,0
660,18.781423568725586,frame_id_exact,0,119,0
661,17.95029640197754,frame_id_exact,0,120,0
662,16.641616821289062,frame_id_exact,0,121,0
663,16.518831253051758,frame_id_exact,0,122,0
664,17.739057540893555,frame_id_exact,0,123,0
665,19.162893295288086,frame_id_exact,0,124,0
666,16.611576080322266,frame_id_exact,0,125,0
667,16.643047332763672,frame_id_exact,0,126,0
668,17.76862144470215,frame_id_exact,0,127,0
669,16.6170597076416,frame_id_exact,0,128,0
670,17.750024795532227,frame_id_exact,0,129,0
671,18.91160011291504,frame_id_exact,0,130,0
672,15.704870223999023,frame_id_exact,0,131,0
673,18.538475036621094,frame_id_exact,0,132,0
674,16.89004898071289,frame_id_exact,0,133,0
675,15.796899795532227,frame_id_exact,0,134,0
676,15.616178512573242,frame_id_exact,0,135,0
677,16.080617904663086,frame_id_exact,0,136,0
678,16.745567321777344,frame_id_exact,0,137,0
679,17.95649528503418,frame_id_exact,0,138,0
680,18.074512481689453,frame_id_exact,0,139,0
681,15.89345932006836,frame_id_exact,0,140,0
682,16.954898834228516,frame_id_exact,0,141,0
683,17.328500747680664,frame_id_exact,0,142,0
684,19.005298614501953,frame_id_exact,0,143,0
685,16.594409942626953,frame_id_exact,0,144,0
686,16.935348510742188,frame_id_exact,0,145,0
687,17.404556274414062,frame_id_exact,0,146,0
688,18.162012100219727,frame_id_exact,0,147,0
689,17.694473266601562,frame_id_exact,0,148,0
690,23.482561111450195,frame_id_exact,0,149,0
691,17.7915096282959,frame_id_exact,0,150,0
692,17.856836318969727,frame_id_exact,0,151,0
693,16.681671142578125,frame_id_exact,0,152,0
694,17.644166946411133,frame_id_exact,0,153,0
695,15.638589859008789,frame_id_exact,0,154,0
696,16.89434051513672,frame_id_exact,0,155,0
697,16.83831214904785,frame_id_exact,0,156,0
698,15.63262939453125,frame_id_exact,0,157,0
699,16.750574111938477,frame_id_exact,0,158,0
700,20.829439163208008,frame_id_exact,0,159,0
701,16.717910766601562,frame_id_exact,0,160,0
702,19.923925399780273,frame_id_exact,0,161,0
703,15.814065933227539,frame_id_exact,0,162,0
704,15.844583511352539,frame_id_exact,0,163,0
705,16.54958724975586,frame_id_exact,0,164,0
706,15.670537948608398,frame_id_exact,0,165,0
707,15.616893768310547,frame_id_exact,0,166,0
708,17.76719093322754,frame_id_exact,0,167,0
709,15.747547149658203,frame_id_exact,0,168,0
710,16.71433448791504,frame_id_exact,0,169,0
711,16.847610473632812,frame_id_exact,0,170,0
712,18.88418197631836,frame_id_exact,0,171,0
713,15.636444091796875,frame_id_exact,0,172,0
714,16.759872436523438,frame_id_exact,0,173,0
715,15.764236450195312,frame_id_exact,0,174,0
716,16.96610450744629,frame_id_exact,0,175,0
717,17.159700393676758,frame_id_exact,0,176,0
718,16.163349151611328,frame_id_exact,0,177,0
719,15.708208084106445,frame_id_exact,0,178,0
720,16.93272590637207,frame_id_exact,0,179,0
721,16.663312911987305,frame_id_exact,0,180,0
722,16.73269271850586,frame_id_exact,0,181,0
723,16.68238639831543,frame_id_exact,0,182,0
724,16.191482543945312,frame_id_exact,0,183,0
725,17.793893814086914,frame_id_exact,0,184,0
726,19.997596740722656,frame_id_exact,0,185,0
727,17.38429069519043,frame_id_exact,0,186,0
728,16.843318939208984,frame_id_exact,0,187,0
729,17.84992218017578,frame_id_exact,0,188,0
730,36.68713569641113,frame_id_exact,0,189,0
731,19.7145938873291,frame_id_exact,0,190,0
732,18.96977424621582,frame_id_exact,0,191,0
733,15.6097412109375,frame_id_exact,0,192,0
734,19.865036010742188,frame_id_exact,0,193,0
735,17.637968063354492,frame_id_exact,0,194,0
736,17.365217208862305,frame_id_exact,0,195,0
737,18.334150314331055,frame_id_exact,0,196,0
738,20.00117301940918,frame_id_exact,0,197,0
739,17.745494842529297,frame_id_exact,0,198,0
740,17.30179786682129,frame_id_exact,0,199,0
741,15.889644622802734,frame_id_exact,0,200,0
742,16.201496124267578,frame_id_exact,0,201,0
743,16.579866409301758,frame_id_exact,0,202,0
744,15.452384948730469,frame_id_exact,0,203,0
745,15.92111587524414,frame_id_exact,0,204,0
746,19.467830657958984,frame_id_exact,0,205,0
747,16.15595817565918,frame_id_exact,0,206,0
748,16.556262969970703,frame_id_exact,0,207,0
749,16.999006271362305,frame_id_exact,0,208,0
750,33.34832191467285,frame_id_exact,0,209,0
751,18.08619499206543,frame_id_exact,0,210,0
752,18.95427703857422,frame_id_exact,0,211,0
753,16.629457473754883,frame_id_exact,0,212,0
754,18.143177032470703,frame_id_exact,0,213,0
755,15.491247177124023,frame_id_exact,0,214,0
756,15.237092971801758,frame_id_exact,0,215,0
757,16.803503036499023,frame_id_exact,0,216,0
758,16.77703857421875,frame_id_exact,0,217,0
759,14.688968658447266,frame_id_exact,0,218,0
760,16.733646392822266,frame_id_exact,0,219,0
761,16.196012496948242,frame_id_exact,0,220,0
762,15.512228012084961,frame_id_exact,0,221,0
763,19.335269927978516,frame_id_exact,0,222,0
764,16.542434692382812,frame_id_exact,0,223,0
765,17.285585403442383,frame_id_exact,0,224,0
766,17.8220272064209,frame_id_exact,0,225,0
767,16.582012176513672,frame_id_exact,0,226,0
768,16.820430755615234,frame_id_exact,0,227,0
769,16.214370727539062,frame_id_exact,0,228,0
770,18.985271453857422,frame_id_exact,0,229,0
771,23.19955825805664,frame_id_exact,0,230,0
772,16.767024993896484,frame_id_exact,0,231,0
773,16.86382293701172,frame_id_exact,0,232,0
774,15.567541122436523,frame_id_exact,0,233,0
775,15.839576721191406,frame_id_exact,0,234,0
776,16.617774963378906,frame_id_exact,0,235,0
